Code,URL,Created At,Used,Used At
OYNYRXOS,https://devnet.swapback.io?invite=OYNYRXOS,2025-10-20T20:50:31.724Z,No,
SV0FZXKQ,https://devnet.swapback.io?invite=SV0FZXKQ,2025-10-20T20:50:31.725Z,No,
U6BCY3W8,https://devnet.swapback.io?invite=U6BCY3W8,2025-10-20T20:50:31.725Z,No,
HEF2VMGV,https://devnet.swapback.io?invite=HEF2VMGV,2025-10-20T20:50:31.725Z,No,
UKCIC7OM,https://devnet.swapback.io?invite=UKCIC7OM,2025-10-20T20:50:31.725Z,No,
BRSZJOSY,https://devnet.swapback.io?invite=BRSZJOSY,2025-10-20T20:50:31.725Z,No,
X7ZEV6YV,https://devnet.swapback.io?invite=X7ZEV6YV,2025-10-20T20:50:31.725Z,No,
U10P8IIA,https://devnet.swapback.io?invite=U10P8IIA,2025-10-20T20:50:31.725Z,No,
2TEOZQAM,https://devnet.swapback.io?invite=2TEOZQAM,2025-10-20T20:50:31.725Z,No,
ZQGI-RIG,https://devnet.swapback.io?invite=ZQGI-RIG,2025-10-20T20:50:31.725Z,No,
YV_9CP73,https://devnet.swapback.io?invite=YV_9CP73,2025-10-20T20:50:31.725Z,No,
7P6YML9B,https://devnet.swapback.io?invite=7P6YML9B,2025-10-20T20:50:31.725Z,No,
GD0QSEBZ,https://devnet.swapback.io?invite=GD0QSEBZ,2025-10-20T20:50:31.725Z,No,
RWNLZDME,https://devnet.swapback.io?invite=RWNLZDME,2025-10-20T20:50:31.725Z,No,
BRSCJ-HC,https://devnet.swapback.io?invite=BRSCJ-HC,2025-10-20T20:50:31.725Z,No,
BN0LSROO,https://devnet.swapback.io?invite=BN0LSROO,2025-10-20T20:50:31.725Z,No,
4-SRY75T,https://devnet.swapback.io?invite=4-SRY75T,2025-10-20T20:50:31.725Z,No,
EUFZWON2,https://devnet.swapback.io?invite=EUFZWON2,2025-10-20T20:50:31.725Z,No,
PIWODQ04,https://devnet.swapback.io?invite=PIWODQ04,2025-10-20T20:50:31.725Z,No,
2FIU3LH-,https://devnet.swapback.io?invite=2FIU3LH-,2025-10-20T20:50:31.725Z,No,
ZQYCLOM-,https://devnet.swapback.io?invite=ZQYCLOM-,2025-10-20T20:50:31.725Z,No,
CFGXGR8P,https://devnet.swapback.io?invite=CFGXGR8P,2025-10-20T20:50:31.725Z,No,
ESYZ57TP,https://devnet.swapback.io?invite=ESYZ57TP,2025-10-20T20:50:31.725Z,No,
ENHPQVVC,https://devnet.swapback.io?invite=ENHPQVVC,2025-10-20T20:50:31.725Z,No,
51S3IJ-F,https://devnet.swapback.io?invite=51S3IJ-F,2025-10-20T20:50:31.725Z,No,
KUT3IV0Z,https://devnet.swapback.io?invite=KUT3IV0Z,2025-10-20T20:50:31.725Z,No,
-CAG0M_Z,https://devnet.swapback.io?invite=-CAG0M_Z,2025-10-20T20:50:31.725Z,No,
E5AQ0Q4W,https://devnet.swapback.io?invite=E5AQ0Q4W,2025-10-20T20:50:31.725Z,No,
4VSCGMLE,https://devnet.swapback.io?invite=4VSCGMLE,2025-10-20T20:50:31.725Z,No,
V-D3-AQ7,https://devnet.swapback.io?invite=V-D3-AQ7,2025-10-20T20:50:31.725Z,No,
EQPIKGGO,https://devnet.swapback.io?invite=EQPIKGGO,2025-10-20T20:50:31.725Z,No,
QDINOIXV,https://devnet.swapback.io?invite=QDINOIXV,2025-10-20T20:50:31.725Z,No,
ZOAJRP6G,https://devnet.swapback.io?invite=ZOAJRP6G,2025-10-20T20:50:31.725Z,No,
5_P0KMVX,https://devnet.swapback.io?invite=5_P0KMVX,2025-10-20T20:50:31.725Z,No,
Q5HYTJ2V,https://devnet.swapback.io?invite=Q5HYTJ2V,2025-10-20T20:50:31.725Z,No,
IMMFE4UD,https://devnet.swapback.io?invite=IMMFE4UD,2025-10-20T20:50:31.725Z,No,
YBRNZDDB,https://devnet.swapback.io?invite=YBRNZDDB,2025-10-20T20:50:31.725Z,No,
NF3TLMPW,https://devnet.swapback.io?invite=NF3TLMPW,2025-10-20T20:50:31.725Z,No,
XA4V8VRS,https://devnet.swapback.io?invite=XA4V8VRS,2025-10-20T20:50:31.725Z,No,
ELWWTNOK,https://devnet.swapback.io?invite=ELWWTNOK,2025-10-20T20:50:31.725Z,No,
NTGEDMBZ,https://devnet.swapback.io?invite=NTGEDMBZ,2025-10-20T20:50:31.725Z,No,
VOWG_DLW,https://devnet.swapback.io?invite=VOWG_DLW,2025-10-20T20:50:31.725Z,No,
TM8ZOKBW,https://devnet.swapback.io?invite=TM8ZOKBW,2025-10-20T20:50:31.725Z,No,
I-ITRYKB,https://devnet.swapback.io?invite=I-ITRYKB,2025-10-20T20:50:31.725Z,No,
TLWX7CIF,https://devnet.swapback.io?invite=TLWX7CIF,2025-10-20T20:50:31.725Z,No,
EXYJ93WJ,https://devnet.swapback.io?invite=EXYJ93WJ,2025-10-20T20:50:31.725Z,No,
ZWO4XF_Y,https://devnet.swapback.io?invite=ZWO4XF_Y,2025-10-20T20:50:31.725Z,No,
GRC0T0W7,https://devnet.swapback.io?invite=GRC0T0W7,2025-10-20T20:50:31.725Z,No,
S8D-DJTD,https://devnet.swapback.io?invite=S8D-DJTD,2025-10-20T20:50:31.725Z,No,
BRTYMHAI,https://devnet.swapback.io?invite=BRTYMHAI,2025-10-20T20:50:31.725Z,No,